time,hr,quality,roi_name,skin_ratio,motion,fps,hr_method,hr_peak,hr_fft
16:49:17,86.2,62.0,peak,0.991,5.9,30.2,peak,86.2,69.3
16:49:18,86.2,54.0,peak,0.987,5.4,30.2,peak,86.2,70.4
16:49:18,86.4,53.0,peak,0.991,0.0,30.2,peak,98.5,72.8
16:49:18,86.5,51.0,peak,0.996,2.3,29.7,peak,105.7,74.8
16:49:18,86.7,55.0,peak,0.999,2.5,29.7,peak,126.8,78.6
16:49:19,86.8,92.0,peak,1.0,3.2,29.7,peak,137.4,80.3
16:49:19,87.0,92.0,peak,1.0,5.6,29.7,peak,137.4,80.8
16:49:19,87.2,52.0,peak,0.979,5.4,29.9,peak,126.8,82.6
16:49:19,87.3,52.0,p60f40,0.971,0.0,29.9,p60f40,126.8,119.2
16:49:20,87.5,55.0,p60f40,0.971,1.6,29.9,p60f40,118.2,120.4
16:49:20,87.6,57.0,p60f40,0.977,1.8,29.9,p60f40,126.8,123.1
16:49:20,87.8,85.0,peak,0.975,0.0,29.9,peak,137.4,123.2
16:49:20,88.0,85.0,peak,0.975,1.7,29.9,peak,138.2,124.2
16:49:21,88.1,85.0,peak,0.975,1.8,29.9,peak,138.2,125.2
16:49:21,88.3,86.0,peak,0.986,0.0,29.7,peak,136.6,125.7
16:49:21,88.4,85.0,peak,0.978,2.4,29.7,peak,138.2,126.5
16:49:22,88.6,86.0,peak,0.981,3.7,29.7,peak,136.6,126.4
16:49:22,88.8,85.0,peak,0.982,0.0,29.7,peak,138.2,127.0
16:49:22,88.9,85.0,peak,0.975,3.2,30.3,peak,138.2,127.1
16:49:22,89.1,56.0,peak,0.966,1.8,30.3,peak,136.6,127.6
16:49:23,89.2,52.0,peak,0.977,0.0,30.3,peak,126.8,58.0
16:49:23,89.4,54.0,peak,0.997,6.5,30.3,peak,122.0,58.0
16:49:23,89.6,49.0,peak,0.925,4.8,29.8,peak,126.8,57.7
16:49:23,89.7,44.0,peak,0.93,0.0,29.8,peak,122.0,75.1
16:49:24,89.9,54.0,peak,0.943,5.6,29.8,peak,126.8,74.6
16:49:24,90.0,37.0,peak,0.992,7.8,29.8,peak,122.0,73.5
16:49:24,90.2,38.0,peak,0.98,0.0,29.3,peak,122.0,72.4
16:49:24,90.4,86.0,peak,0.974,1.9,29.3,peak,128.5,71.2
16:49:25,90.5,87.0,peak,0.98,1.7,29.3,peak,131.9,69.7
16:49:25,90.7,72.0,peak,0.979,0.0,30.5,peak,128.0,65.8
16:49:25,90.8,80.0,peak,0.976,1.6,30.5,peak,129.2,64.7
16:49:26,91.0,70.0,peak,0.997,1.8,30.5,peak,134.8,64.0
16:49:26,91.2,49.0,peak,0.994,0.0,30.5,peak,72.3,64.2
16:49:26,91.3,66.0,p60f40,0.994,1.4,29.7,p60f40,70.8,63.3
16:49:26,91.5,67.0,p60f40,1.0,1.4,29.7,p60f40,71.0,63.0
16:49:27,91.3,49.0,peak,0.999,0.0,29.7,peak,73.4,62.3
16:49:27,91.2,59.0,peak,0.989,2.3,29.7,peak,70.8,61.3
16:49:27,91.0,59.0,peak,0.988,1.7,30.2,peak,69.5,60.2
16:49:27,90.8,74.0,peak,0.982,0.0,30.2,peak,69.5,59.2
16:49:28,90.7,74.0,peak,0.984,2.7,30.2,peak,69.0,58.6
16:49:28,90.5,71.0,peak,0.981,3.8,30.2,peak,69.2,58.0
16:49:28,90.4,69.0,peak,0.977,0.0,29.9,peak,69.4,57.1
16:49:28,90.2,68.0,peak,0.975,1.8,29.9,peak,69.0,56.7
16:49:29,90.0,66.0,peak,0.975,1.4,29.9,peak,69.4,56.6
16:49:29,89.9,65.0,peak,0.984,0.0,29.9,peak,69.5,56.2
16:49:29,89.7,58.0,peak,0.981,1.4,29.2,peak,69.6,55.7
16:49:30,89.6,56.0,peak,0.979,1.2,29.2,peak,76.4,55.6
16:49:30,89.4,55.0,peak,0.975,0.0,29.2,peak,69.6,55.3
16:49:30,89.2,55.0,peak,0.978,1.4,30.4,peak,69.6,55.2
16:49:30,89.1,56.0,peak,0.978,1.5,30.4,peak,72.4,55.2
16:49:31,88.9,55.0,peak,0.979,0.0,30.4,peak,84.7,55.2
16:49:31,88.7,49.0,peak,0.983,1.5,30.4,peak,79.2,55.4
16:49:31,88.6,52.0,peak,0.981,1.5,30.1,peak,66.5,55.7
16:49:31,88.4,56.0,p60f40,0.985,0.0,30.1,p60f40,57.7,55.6
16:49:32,88.3,55.0,p60f40,0.984,1.5,30.1,p60f40,59.9,55.6
16:49:32,88.1,50.0,p60f40,0.986,1.4,30.1,p60f40,63.0,56.2
16:49:32,87.9,58.0,p60f40,0.997,0.0,29.7,p60f40,61.9,56.6
16:49:33,87.8,63.0,p60f40,0.997,1.5,29.7,p60f40,58.7,58.1
16:49:33,87.6,69.0,p60f40,0.988,1.8,29.7,p60f40,55.3,52.7
16:49:33,87.5,68.0,p60f40,0.989,1.4,29.7,p60f40,55.3,52.6
16:49:33,87.3,67.0,p60f40,0.99,1.6,29.8,p60f40,55.3,52.7
16:49:34,87.2,70.0,p60f40,0.971,1.4,29.8,p60f40,56.5,52.7
16:49:34,87.0,72.0,p60f40,0.97,0.0,29.8,p60f40,56.5,52.7
16:49:34,86.8,58.0,peak,0.966,1.5,29.8,peak,66.7,52.9
16:49:34,86.7,72.0,p60f40,0.965,1.5,29.8,p60f40,56.8,52.7
16:49:35,86.5,73.0,p60f40,0.967,0.0,29.8,p60f40,56.8,53.2
16:49:35,86.3,71.0,p60f40,0.963,1.5,29.8,p60f40,56.8,55.8
16:49:35,86.2,62.0,p60f40,0.975,1.6,30.5,p60f40,60.9,57.2
16:49:35,86.0,71.0,p60f40,0.989,0.0,30.5,p60f40,57.8,56.1
16:49:36,85.9,61.0,peak,0.989,1.4,30.5,peak,97.3,56.5
16:49:36,85.7,61.0,peak,0.985,1.6,30.5,peak,97.3,56.5
16:49:36,85.5,71.0,peak,0.998,0.0,29.6,peak,106.4,56.8
16:49:37,85.7,50.0,peak,0.997,3.9,29.6,peak,90.7,56.2
16:49:37,85.9,46.0,peak,1.0,9.7,29.6,peak,73.5,56.0
16:49:37,86.0,48.0,peak,0.922,0.0,29.6,peak,75.4,55.4
16:49:37,86.2,47.0,peak,0.778,13.0,30.1,peak,75.4,55.3
16:49:38,86.0,43.0,peak,0.966,11.9,30.1,peak,82.0,65.6
16:49:38,85.9,47.0,peak,0.992,0.0,30.1,peak,101.6,66.8
16:49:38,85.7,45.0,peak,1.0,2.9,30.1,peak,86.2,68.9
16:49:38,85.5,50.0,peak,0.999,0.0,29.6,peak,93.5,68.7
16:49:39,85.4,59.0,peak,0.98,0.0,29.6,peak,82.0,68.5
16:49:39,85.4,50.0,peak,0.965,5.3,29.6,peak,90.9,82.4
16:49:39,85.5,59.0,p60f40,0.886,16.6,29.6,p60f40,80.0,81.4
16:49:39,85.5,61.0,p60f40,0.972,0.0,29.8,p60f40,84.7,80.9
16:49:40,85.5,27.0,p60f40,0.977,16.6,29.8,p60f40,87.7,80.8
16:49:40,85.4,29.0,peak,0.978,3.6,29.8,peak,98.8,80.4
16:49:40,85.4,29.0,peak,0.973,0.0,30.1,peak,90.9,79.7
16:49:41,85.6,28.0,peak,0.999,21.9,30.1,peak,90.9,78.6
16:49:41,85.5,65.0,p60f40,0.972,0.0,30.1,p60f40,81.5,77.9
16:49:41,85.7,29.0,peak,0.983,0.0,30.1,peak,99.1,77.2
16:49:41,85.8,28.0,p60f40,0.983,2.7,29.6,p60f40,84.0,76.9
16:49:42,86.0,31.0,peak,0.978,1.9,29.6,peak,87.7,76.4
16:49:42,86.1,27.0,peak,0.974,0.0,29.6,peak,84.4,76.2
16:49:42,86.2,54.0,peak,0.981,0.0,29.6,peak,90.9,76.1
16:49:42,86.3,56.0,peak,0.977,1.6,30.2,peak,90.9,76.2
16:49:43,86.4,50.0,peak,0.971,0.0,30.2,peak,84.7,76.2
16:49:43,86.3,51.0,peak,0.974,1.7,30.2,peak,84.7,76.5
16:49:43,86.2,48.0,peak,0.975,1.7,30.2,peak,84.7,76.5
16:49:43,86.1,49.0,peak,0.973,0.0,29.7,peak,87.7,77.0
16:49:44,86.2,48.0,peak,0.976,1.7,29.7,peak,87.7,77.2
16:49:44,86.2,51.0,peak,0.973,1.7,29.7,peak,85.6,77.4
16:49:44,86.1,51.0,p60f40,0.976,3.3,29.7,p60f40,85.6,77.9
16:49:45,86.0,23.0,peak,0.974,0.0,29.4,peak,84.7,56.1
16:49:45,86.0,22.0,peak,0.977,6.8,29.4,peak,87.7,55.5
16:49:45,85.9,25.0,peak,0.971,0.0,29.4,peak,84.4,55.0
16:49:45,85.9,23.0,peak,0.973,2.2,30.5,peak,84.0,55.1
16:49:46,85.8,24.0,peak,0.98,2.2,30.5,peak,84.3,55.0
16:49:46,85.7,24.0,peak,0.981,0.0,30.5,peak,84.4,56.2
16:49:46,85.6,26.0,peak,0.984,2.9,30.5,peak,84.4,58.3
16:49:47,85.5,26.0,peak,0.984,3.7,23.7,peak,84.0,59.2
16:49:47,85.5,26.0,peak,0.987,3.0,23.7,peak,92.5,60.3
16:49:47,85.4,27.0,peak,0.987,3.2,23.7,peak,86.5,60.9
16:49:47,85.3,66.0,peak,0.97,2.2,23.7,peak,84.0,62.4
16:49:48,85.3,69.0,peak,0.971,0.0,36.1,peak,83.8,62.2
16:49:48,85.2,65.0,peak,0.968,3.6,36.1,peak,84.0,63.5
16:49:48,85.1,72.0,peak,0.964,4.4,36.1,peak,83.9,63.8
16:49:48,85.1,73.0,peak,0.985,0.0,36.1,peak,80.6,64.0
16:49:49,85.0,69.0,peak,0.995,2.7,30.4,peak,84.0,63.8
16:49:49,84.9,75.0,peak,0.988,3.6,30.4,peak,84.0,63.7
16:49:49,84.9,64.0,peak,0.974,0.0,30.4,peak,84.3,63.5
16:49:49,84.8,56.0,peak,0.979,6.5,30.4,peak,84.3,63.7
16:49:50,84.8,64.0,peak,0.952,3.2,29.8,peak,84.3,63.5
16:49:50,84.7,68.0,peak,0.958,4.1,29.8,peak,81.7,63.1
16:49:50,84.7,71.0,peak,0.958,2.0,29.8,peak,84.0,63.0
16:49:50,84.7,66.0,peak,0.952,2.1,29.8,peak,71.3,89.0
16:49:51,84.6,74.0,peak,0.965,0.0,29.3,peak,74.1,88.4
16:49:51,84.6,74.0,p60f40,0.974,2.5,29.3,p60f40,81.7,87.6
16:49:51,84.5,70.0,p60f40,0.982,1.8,29.3,p60f40,81.7,85.6
16:49:52,84.3,70.0,p60f40,0.967,0.0,30.4,p60f40,83.7,75.8
16:49:52,84.2,78.0,p60f40,0.962,1.7,30.4,p60f40,78.8,78.1
16:49:52,84.0,68.0,p60f40,0.97,1.8,30.4,p60f40,81.5,78.0
16:49:52,83.9,76.0,p60f40,0.974,0.0,30.4,p60f40,81.5,77.9
16:49:53,83.7,76.0,p60f40,0.961,1.7,29.9,p60f40,79.5,77.3
16:49:53,83.5,73.0,p60f40,0.958,3.1,29.9,p60f40,81.5,77.8
16:49:53,83.4,72.0,p60f40,0.963,1.7,29.9,p60f40,81.5,77.9
16:49:53,83.2,77.0,p60f40,0.96,1.8,29.9,p60f40,79.5,77.8
16:49:54,83.1,72.0,p60f40,0.959,1.7,29.7,p60f40,80.1,77.3
16:49:54,82.9,75.0,p60f40,0.964,0.0,29.7,p60f40,78.5,77.6
16:49:54,82.7,76.0,p60f40,0.963,1.6,29.7,p60f40,76.3,77.0
16:49:54,82.6,60.0,p60f40,0.972,1.8,29.7,p60f40,83.7,75.8
16:49:55,82.4,68.0,p60f40,0.974,0.0,30.0,p60f40,77.9,74.3
16:49:55,82.3,64.0,p60f40,0.984,3.2,30.0,p60f40,78.7,73.4
16:49:55,82.1,52.0,peak,0.998,2.3,30.0,peak,92.5,71.1
16:49:56,81.9,57.0,peak,0.995,0.0,30.0,peak,82.4,66.7
16:49:56,81.8,68.0,peak,0.99,3.0,29.4,peak,75.3,62.5
16:49:56,81.7,56.0,peak,0.98,2.1,29.4,peak,87.5,62.4
16:49:56,81.5,65.0,peak,0.989,0.0,29.4,peak,73.9,61.8
16:49:57,81.4,65.0,peak,0.982,3.5,30.4,peak,73.9,61.6
16:49:57,81.4,56.0,peak,0.982,2.1,30.4,peak,87.5,61.6
16:49:57,81.5,54.0,peak,0.978,2.7,30.4,peak,82.4,62.3
16:49:57,81.3,52.0,peak,0.976,4.6,30.4,peak,77.9,63.0
16:49:58,81.4,46.0,peak,0.978,1.8,29.8,peak,110.4,63.7
16:49:58,81.4,50.0,peak,0.971,0.0,29.8,peak,108.0,65.0
16:49:58,81.6,51.0,peak,0.977,2.0,29.8,peak,110.4,66.6
16:49:58,81.8,80.0,peak,0.979,1.7,29.8,peak,108.0,67.3
16:49:59,81.9,74.0,peak,0.962,0.0,30.3,peak,117.9,67.9
16:49:59,82.1,53.0,peak,0.964,1.8,30.3,peak,77.9,68.1
16:49:59,82.2,46.0,peak,0.971,1.6,30.3,peak,91.6,68.7
16:50:00,82.4,64.0,peak,0.958,2.7,30.3,peak,117.9,69.9
16:50:00,82.6,54.0,p60f40,0.969,1.6,30.0,p60f40,77.9,71.8
16:50:00,82.7,59.0,peak,0.964,1.7,30.0,peak,115.3,72.0
16:50:00,82.9,53.0,peak,0.968,1.7,30.0,peak,83.1,72.4
16:50:01,82.9,52.0,p60f40,0.964,1.6,30.0,p60f40,80.4,72.5
16:50:01,82.9,47.0,peak,0.959,1.7,29.6,peak,83.1,53.5
16:50:01,82.9,47.0,peak,0.964,0.0,29.6,peak,83.1,53.5
16:50:01,82.9,68.0,peak,0.962,1.6,29.6,peak,117.3,53.4
16:50:02,82.9,47.0,peak,0.96,2.6,29.6,peak,83.1,53.4
16:50:02,82.9,49.0,peak,0.961,1.6,29.5,peak,74.4,53.7
16:50:02,83.0,45.0,peak,0.961,1.7,29.5,peak,74.4,54.0
16:50:02,83.0,43.0,peak,0.964,1.7,29.5,peak,83.1,53.7
16:50:03,83.0,43.0,peak,0.956,0.0,30.8,peak,83.1,53.8
16:50:03,83.0,46.0,peak,0.956,1.6,30.8,peak,83.1,53.9
16:50:03,83.0,47.0,peak,0.961,1.7,30.8,peak,83.1,53.6
16:50:04,83.0,47.0,peak,0.963,0.0,30.8,peak,83.1,53.3
16:50:04,83.0,66.0,peak,0.961,1.6,29.9,peak,117.9,53.2
16:50:04,83.0,66.0,peak,0.956,1.7,29.9,peak,117.5,53.1
16:50:04,83.0,65.0,peak,0.955,0.0,29.9,peak,113.2,52.5
16:50:05,83.0,43.0,peak,0.955,1.7,29.9,peak,83.1,51.8
16:50:05,83.2,43.0,peak,0.956,1.7,29.5,peak,93.1,51.7
16:50:05,83.3,60.0,peak,0.957,0.0,29.5,peak,68.7,51.4
16:50:05,83.5,59.0,peak,0.953,1.6,29.5,peak,69.3,51.5
16:50:06,83.5,67.0,peak,0.953,1.7,29.5,peak,68.0,51.4
16:50:06,83.3,66.0,peak,0.962,0.0,30.2,peak,68.7,51.8
16:50:06,83.1,68.0,peak,0.963,1.7,30.2,peak,68.0,52.5
16:50:06,83.0,70.0,peak,0.954,1.6,30.2,peak,67.6,53.1
16:50:07,82.8,68.0,peak,0.96,0.0,30.2,peak,69.2,54.3
16:50:07,82.7,64.0,peak,0.987,5.1,29.4,peak,68.7,54.4
16:50:07,82.5,67.0,peak,0.977,3.5,29.4,peak,69.1,54.9
16:50:08,82.3,66.0,peak,0.986,0.0,29.4,peak,70.0,58.1
16:50:08,82.2,66.0,peak,0.986,3.8,30.2,peak,70.6,58.0
16:50:08,82.0,65.0,peak,0.985,1.9,30.2,peak,68.7,58.1
16:50:08,81.9,65.0,peak,0.989,0.0,30.2,peak,69.4,58.2
16:50:09,81.7,61.0,peak,0.987,2.0,30.2,peak,69.3,58.2
16:50:09,81.5,64.0,peak,0.983,2.8,30.5,peak,70.7,58.3
16:50:09,81.4,47.0,peak,0.989,0.0,30.5,peak,88.9,51.2
16:50:09,81.2,59.0,peak,0.989,2.0,30.5,peak,81.9,51.4
16:50:10,81.1,58.0,peak,0.988,2.0,30.5,peak,81.5,51.4
16:50:10,81.0,63.0,peak,0.987,0.0,29.6,peak,79.9,51.4
16:50:10,81.0,51.0,peak,0.989,2.1,29.6,peak,106.8,51.4
16:50:11,81.1,61.0,peak,0.987,2.0,29.6,peak,87.0,51.2
16:50:11,81.2,61.0,peak,0.982,2.9,29.6,peak,87.0,51.7
16:50:11,81.3,53.0,peak,0.982,2.0,30.2,peak,69.2,48.0
16:50:11,81.4,51.0,peak,0.981,2.1,30.2,peak,91.4,48.7
16:50:12,81.6,53.0,peak,0.984,2.6,30.2,peak,66.5,48.7
16:50:12,81.8,53.0,peak,0.984,1.9,30.2,peak,66.5,49.2
16:50:12,81.6,55.0,peak,0.99,2.1,29.4,peak,70.7,49.3
16:50:12,81.4,57.0,peak,0.99,0.0,29.4,peak,66.8,49.6
16:50:13,81.3,67.0,peak,0.986,2.0,29.4,peak,64.6,49.3
16:50:13,81.1,52.0,peak,0.984,2.1,29.4,peak,69.9,49.4
16:50:13,81.0,51.0,peak,0.985,0.0,29.6,peak,76.5,49.3
16:50:13,80.8,68.0,peak,0.985,2.1,29.6,peak,61.8,49.2
16:50:14,80.6,67.0,peak,0.985,3.6,29.6,peak,62.1,49.3
16:50:14,80.5,56.0,peak,0.982,0.0,30.8,peak,62.1,49.8
16:50:14,80.3,61.0,peak,0.979,2.2,30.8,peak,62.1,50.4
16:50:15,80.1,56.0,peak,0.986,2.3,30.8,peak,65.2,51.3
16:50:15,80.0,51.0,peak,0.982,0.0,30.8,peak,65.3,52.8
16:50:15,79.8,53.0,peak,0.981,2.2,29.5,peak,65.3,54.1
16:50:15,79.7,54.0,peak,0.98,2.0,29.5,peak,92.7,55.7
16:50:16,79.5,80.0,peak,0.981,0.0,29.5,peak,101.7,57.1
16:50:16,79.4,83.0,peak,0.98,2.0,29.5,peak,105.1,60.2
16:50:16,79.5,82.0,peak,0.982,1.9,30.1,peak,101.7,62.3
16:50:16,79.7,78.0,peak,0.978,0.0,30.1,peak,107.8,64.8
16:50:17,79.8,56.0,peak,0.983,2.0,30.1,peak,95.7,65.9
16:50:17,80.0,72.0,peak,0.984,2.4,30.1,peak,107.8,66.9
16:50:17,80.2,52.0,peak,0.984,0.0,29.8,peak,81.9,67.8
16:50:17,80.3,52.0,peak,0.982,2.0,29.8,peak,81.9,68.4
16:50:18,80.5,60.0,peak,0.982,2.1,29.8,peak,94.2,68.4
16:50:18,80.6,55.0,peak,0.982,0.0,29.8,peak,92.7,68.4
16:50:18,80.8,54.0,peak,0.981,2.0,29.6,peak,79.7,68.6
16:50:19,80.9,54.0,peak,0.983,5.0,29.6,peak,79.7,68.4
16:50:19,80.9,69.0,p60f40,0.998,0.0,29.6,p60f40,95.7,101.6
16:50:19,81.0,53.0,peak,0.993,3.0,30.6,peak,79.7,101.0
16:50:19,81.2,51.0,p60f40,0.993,3.1,30.6,p60f40,95.7,100.5
16:50:20,81.1,55.0,peak,0.99,0.0,30.6,peak,79.7,100.7
16:50:20,81.0,56.0,peak,0.994,2.1,30.6,peak,80.0,66.9
16:50:20,80.9,55.0,peak,0.994,2.5,29.8,peak,89.3,66.6
16:50:20,81.1,58.0,p60f40,0.993,3.7,29.8,p60f40,85.8,90.8
16:50:21,81.3,52.0,p60f40,0.994,1.9,29.8,p60f40,90.6,89.9
16:50:21,81.4,54.0,p60f40,0.987,2.7,29.8,p60f40,86.0,89.2
16:50:21,81.6,51.0,p60f40,0.988,0.0,30.1,p60f40,83.9,88.9
16:50:21,81.7,54.0,p60f40,0.987,2.0,30.1,p60f40,86.0,89.5
16:50:22,81.9,54.0,p60f40,0.99,2.1,30.1,p60f40,86.0,89.2
16:50:22,82.1,54.0,p60f40,0.979,3.1,30.1,p60f40,86.0,89.4
16:50:22,82.2,53.0,p60f40,0.982,2.0,29.8,p60f40,83.9,89.5
16:50:23,82.4,53.0,p60f40,0.976,2.2,29.8,p60f40,86.0,90.0
16:50:23,82.5,55.0,p60f40,0.978,0.0,29.8,p60f40,86.0,90.5
16:50:23,82.7,56.0,p60f40,0.982,2.1,29.8,p60f40,86.0,90.2
16:50:23,82.9,59.0,p60f40,0.982,2.1,29.4,p60f40,83.2,89.3
16:50:24,83.0,53.0,p60f40,0.985,2.1,29.4,p60f40,86.0,87.4
16:50:24,83.2,59.0,p60f40,0.983,2.1,29.4,p60f40,85.1,85.8
16:50:24,83.3,59.0,p60f40,0.982,2.1,30.2,p60f40,86.0,85.1
16:50:24,83.5,51.0,p60f40,0.982,0.0,30.2,p60f40,86.0,84.4
16:50:25,83.6,44.0,p60f40,0.982,2.2,30.2,p60f40,86.3,83.1
16:50:25,83.7,59.0,peak,0.982,2.0,30.2,peak,65.2,83.8
16:50:25,83.8,60.0,peak,0.985,0.0,30.1,peak,65.6,83.5
16:50:25,83.9,52.0,p60f40,0.982,2.2,30.1,p60f40,82.0,82.7
16:50:26,83.8,53.0,p60f40,0.982,2.1,30.1,p60f40,82.0,82.9
16:50:26,83.7,54.0,p60f40,0.982,0.0,30.1,p60f40,86.0,82.0
16:50:26,83.6,53.0,p60f40,0.987,3.6,29.5,p60f40,86.0,83.0
16:50:27,83.6,71.0,p60f40,0.984,2.1,29.5,p60f40,89.8,83.3
16:50:27,83.6,62.0,p60f40,0.982,0.0,29.5,p60f40,91.4,84.1
16:50:27,83.7,60.0,p60f40,0.98,2.1,29.5,p60f40,91.4,85.3
16:50:27,83.8,57.0,peak,0.985,3.8,30.2,peak,89.5,61.2
16:50:28,84.0,61.0,peak,0.986,0.0,30.2,peak,97.9,60.6
16:50:28,84.2,74.0,peak,0.982,2.1,30.2,peak,91.7,59.7
16:50:28,84.3,59.0,peak,0.987,2.0,30.2,peak,89.5,59.2
16:50:28,84.5,64.0,peak,0.983,0.0,29.6,peak,96.5,58.5
16:50:29,84.6,74.0,peak,0.98,2.2,29.6,peak,91.4,57.7
16:50:29,84.8,64.0,peak,0.985,2.1,29.6,peak,93.3,57.3
16:50:29,85.0,57.0,p60f40,0.989,2.2,29.6,p60f40,89.6,87.4
16:50:29,85.1,67.0,p60f40,0.976,2.1,29.6,p60f40,86.3,87.4
16:50:30,85.3,63.0,p60f40,0.979,2.2,29.6,p60f40,89.7,86.3
16:50:30,85.4,63.0,p60f40,0.976,0.0,29.6,p60f40,89.7,86.6
16:50:30,85.6,65.0,p60f40,0.984,2.2,30.6,p60f40,86.3,86.9
16:50:31,85.8,66.0,p60f40,0.981,2.2,30.6,p60f40,89.4,86.2
16:50:31,85.9,74.0,peak,0.976,2.1,30.6,peak,93.3,85.3
16:50:31,86.1,75.0,peak,0.979,2.1,30.6,peak,94.4,85.1
16:50:31,86.2,74.0,peak,0.987,2.1,29.4,peak,95.1,84.8
16:50:32,86.4,66.0,peak,0.988,2.1,29.4,peak,97.0,85.1
16:50:32,86.5,66.0,peak,0.988,2.1,29.4,peak,97.0,85.3
16:50:32,86.7,66.0,peak,0.984,2.1,29.4,peak,97.0,85.5
16:50:32,86.8,68.0,peak,0.984,2.2,30.6,peak,95.1,85.1
16:50:33,87.0,68.0,peak,0.987,2.1,30.6,peak,97.0,85.4
16:50:33,87.2,66.0,peak,0.986,2.0,30.6,peak,97.6,85.7
16:50:33,87.3,66.0,peak,0.983,2.1,30.6,peak,97.6,85.4
16:50:33,87.5,63.0,p60f40,0.987,2.1,29.5,p60f40,86.3,84.9
16:50:34,87.6,63.0,peak,0.985,2.2,29.5,peak,93.3,84.9
16:50:34,87.8,60.0,peak,0.987,0.0,29.5,peak,98.2,85.2
16:50:34,88.0,61.0,peak,0.985,2.1,29.5,peak,98.7,85.7
16:50:35,88.1,60.0,peak,0.982,2.1,29.8,peak,98.7,85.8
16:50:35,88.3,63.0,peak,0.987,0.0,29.8,peak,97.0,86.0
16:50:35,88.4,66.0,peak,0.997,10.6,29.8,peak,100.4,85.9
16:50:35,88.6,63.0,peak,0.98,7.5,29.9,peak,100.4,84.3
16:50:36,88.8,59.0,peak,0.971,0.0,29.9,peak,100.4,57.1
16:50:36,88.9,71.0,peak,0.977,14.8,29.9,peak,88.8,57.1
16:50:36,89.1,51.0,peak,1.0,9.9,29.9,peak,84.8,57.1
16:50:36,89.2,61.0,peak,0.879,20.7,30.2,peak,100.4,57.2
16:50:37,89.4,25.0,peak,0.996,6.6,30.2,peak,104.4,57.2
16:50:37,89.6,26.0,p60f40,0.0,1.4,30.2,p60f40,63.9,57.3
16:50:37,89.5,23.0,peak,0.0,2.1,30.2,peak,72.0,54.3
16:50:37,89.4,27.0,peak,0.272,58.7,30.0,peak,63.9,54.1
16:50:38,89.2,30.0,peak,1.0,20.4,30.0,peak,67.0,54.9
16:50:38,89.0,27.0,peak,0.945,0.0,30.0,peak,68.2,54.7
16:50:38,88.9,35.0,p60f40,0.991,6.9,30.0,p60f40,57.5,55.1
16:50:39,88.7,71.0,p60f40,0.999,6.9,29.8,p60f40,57.7,55.2
16:50:39,88.6,67.0,p60f40,0.986,0.0,29.8,p60f40,61.6,55.2
16:50:39,88.4,71.0,p60f40,0.998,6.8,29.8,p60f40,57.5,55.2
16:50:39,88.2,71.0,p60f40,0.999,5.6,29.8,p60f40,56.9,55.0
16:50:40,88.1,56.0,p60f40,1.0,0.0,29.9,p60f40,62.4,55.0
16:50:40,87.9,55.0,peak,1.0,10.3,29.9,peak,68.2,54.9
16:50:40,87.8,44.0,peak,1.0,4.5,29.9,peak,68.2,54.9
16:50:40,87.6,53.0,p60f40,0.989,0.0,29.9,p60f40,62.4,54.7
16:50:41,87.4,53.0,p60f40,0.989,6.8,29.8,p60f40,62.4,54.7
16:50:41,87.3,57.0,p60f40,0.974,2.9,29.8,p60f40,60.6,54.7
16:50:41,87.1,46.0,peak,0.996,0.0,29.8,peak,72.0,54.7
16:50:42,87.0,78.0,p60f40,0.989,1.6,30.2,p60f40,57.6,54.8
16:50:42,86.8,76.0,p60f40,0.986,2.2,30.2,p60f40,59.6,54.8
16:50:42,86.6,60.0,p60f40,0.98,0.0,30.2,p60f40,59.0,54.9
16:50:42,86.5,41.0,peak,0.983,4.3,30.2,peak,113.7,55.1
16:50:43,86.3,45.0,peak,0.984,2.4,30.0,peak,112.3,55.5
16:50:43,86.2,61.0,peak,0.981,0.0,30.0,peak,65.5,56.3
16:50:43,86.0,52.0,peak,0.973,2.0,30.0,peak,72.0,58.4
16:50:43,85.8,84.0,p60f40,0.985,1.9,30.0,p60f40,59.0,61.2
16:50:44,85.7,61.0,p60f40,0.985,2.3,29.8,p60f40,65.5,61.8
16:50:44,85.5,51.0,p60f40,0.985,1.5,29.8,p60f40,65.7,62.6
16:50:44,85.3,52.0,p60f40,0.992,1.1,29.8,p60f40,69.9,63.7
16:50:44,85.2,51.0,peak,0.979,2.8,29.8,peak,84.4,65.2
16:50:45,85.0,53.0,peak,0.981,2.7,30.0,peak,114.9,66.2
16:50:45,84.9,50.0,peak,0.983,2.2,30.0,peak,122.7,67.4
16:50:45,84.7,54.0,p60f40,0.983,0.0,30.0,p60f40,74.6,67.4
16:50:45,84.7,53.0,peak,0.984,2.3,30.0,peak,84.4,68.8
16:50:46,84.7,62.0,p60f40,0.996,4.4,29.9,p60f40,72.8,68.7
16:50:46,84.7,55.0,peak,1.0,0.0,29.9,peak,114.9,69.1
16:50:46,84.6,69.0,p60f40,1.0,12.4,29.9,p60f40,66.4,69.2
16:50:47,84.5,69.0,p60f40,1.0,6.8,30.0,p60f40,65.7,69.9
16:50:47,84.3,53.0,p60f40,1.0,0.0,30.0,p60f40,78.1,70.1
16:50:47,84.2,48.0,peak,1.0,3.8,30.0,peak,92.4,70.1
16:50:47,84.0,57.0,p60f40,0.988,1.4,30.0,p60f40,70.3,69.8
16:50:48,83.8,67.0,p60f40,1.0,0.0,30.0,p60f40,69.5,69.3
16:50:48,83.7,67.0,p60f40,0.995,4.1,30.0,p60f40,69.5,68.6
16:50:48,83.5,63.0,p60f40,1.0,2.1,30.0,p60f40,73.0,67.5
16:50:48,83.4,68.0,p60f40,1.0,0.0,30.0,p60f40,73.0,67.2
16:50:49,83.2,63.0,p60f40,1.0,1.5,30.0,p60f40,73.8,67.0
16:50:49,83.0,71.0,p60f40,0.998,3.0,30.0,p60f40,73.0,67.3
16:50:49,82.9,71.0,p60f40,1.0,0.0,30.0,p60f40,74.6,67.2
16:50:50,82.7,68.0,peak,0.996,1.6,30.0,peak,82.5,67.7
16:50:50,82.6,62.0,p60f40,0.996,4.2,29.8,p60f40,73.9,67.7
16:50:50,82.4,64.0,p60f40,0.99,11.4,29.8,p60f40,73.9,68.1
16:50:50,82.2,37.0,peak,0.982,18.4,29.8,peak,87.7,68.6
16:50:51,82.1,30.0,peak,0.974,18.7,29.7,peak,93.2,69.9
16:50:51,82.1,31.0,peak,1.0,0.0,29.7,peak,88.9,71.1
16:50:51,82.3,26.0,peak,0.962,9.3,29.7,peak,90.1,72.4
16:50:51,82.4,30.0,peak,1.0,9.5,29.7,peak,93.2,73.0
16:50:52,82.6,60.0,peak,1.0,22.1,30.0,peak,89.9,73.4
16:50:52,82.7,60.0,peak,0.919,19.7,30.0,peak,88.9,73.3
16:50:52,82.9,30.0,peak,1.0,9.0,30.0,peak,89.6,73.2
16:50:52,83.1,30.0,peak,1.0,0.0,30.0,peak,101.0,73.5
16:50:53,83.2,31.0,peak,1.0,8.8,29.6,peak,101.0,73.7
16:50:53,83.4,32.0,peak,0.988,32.7,29.6,peak,98.6,74.0
16:50:53,83.5,31.0,peak,1.0,0.0,29.6,peak,99.8,72.6
16:50:54,83.7,32.0,peak,1.0,10.6,29.6,peak,95.0,111.6
16:50:54,83.9,33.0,peak,1.0,5.5,30.2,peak,98.6,107.4
16:50:54,84.0,32.0,peak,1.0,0.0,30.2,peak,95.0,106.7
16:50:54,84.2,66.0,peak,1.0,11.1,30.2,peak,92.6,106.3
16:50:55,84.3,63.0,p60f40,0.995,7.9,30.2,p60f40,101.0,106.3
16:50:55,84.5,57.0,peak,1.0,6.7,29.8,peak,95.0,106.3
16:50:55,84.7,60.0,peak,1.0,3.5,29.8,peak,103.1,57.5
16:50:55,84.8,70.0,peak,0.995,8.7,29.8,peak,96.4,57.5
16:50:56,85.0,66.0,peak,1.0,0.0,29.8,peak,102.9,57.4
16:50:56,85.1,70.0,peak,1.0,0.0,29.5,peak,87.3,57.3
16:50:56,85.3,67.0,peak,1.0,9.6,29.5,peak,94.5,57.4
16:50:56,85.5,67.0,peak,1.0,0.0,29.5,peak,101.0,57.4
16:50:57,85.6,62.0,peak,1.0,20.4,30.4,peak,103.1,57.5
16:50:57,85.8,67.0,peak,0.986,22.9,30.4,peak,93.7,57.5
16:50:57,85.9,33.0,peak,1.0,0.0,30.4,peak,103.1,57.6
16:50:58,86.1,32.0,peak,0.986,9.0,30.4,peak,103.1,57.6
16:50:58,86.3,29.0,peak,1.0,11.0,29.9,peak,105.3,57.8
16:50:58,86.4,59.0,peak,1.0,0.0,29.9,peak,103.1,57.8
16:50:58,86.6,59.0,peak,1.0,11.3,29.9,peak,105.3,58.2
16:50:59,86.8,57.0,peak,0.838,23.2,29.9,peak,88.2,58.2
16:50:59,86.9,24.0,peak,0.978,0.0,29.8,peak,97.2,54.0
16:50:59,87.1,26.0,peak,1.0,7.6,29.8,peak,88.2,53.8
16:50:59,87.2,26.0,peak,0.996,14.9,29.8,peak,90.3,57.8
16:51:00,87.4,25.0,peak,1.0,0.0,29.8,peak,97.2,63.7
16:51:00,87.6,26.0,peak,0.895,16.3,30.1,peak,91.2,58.1
16:51:00,87.7,25.0,peak,1.0,15.3,30.1,peak,105.3,68.3
16:51:00,87.9,48.0,peak,0.979,0.0,30.1,peak,89.8,70.0
16:51:01,88.0,55.0,peak,0.997,7.4,30.1,peak,86.3,71.5
16:51:01,88.2,47.0,peak,0.969,1.3,29.7,peak,90.3,72.8
16:51:01,88.3,48.0,peak,0.977,0.0,29.7,peak,99.1,73.6
16:51:02,88.5,61.0,peak,0.982,1.3,29.7,peak,115.6,74.1
16:51:02,88.6,59.0,peak,0.983,2.9,29.7,peak,115.6,74.2
16:51:02,88.8,58.0,peak,0.97,0.0,30.0,peak,117.8,74.6
16:51:02,89.0,58.0,peak,0.965,20.7,30.0,peak,120.1,74.8
16:51:03,89.1,56.0,peak,0.978,1.7,30.0,peak,115.6,75.1
16:51:03,89.3,57.0,peak,0.973,0.0,30.0,peak,110.1,75.5
16:51:03,89.4,56.0,peak,0.98,2.6,29.6,peak,115.6,75.6
16:51:03,89.6,55.0,peak,0.971,0.0,29.6,peak,115.6,76.0
16:51:04,89.8,55.0,peak,0.969,0.0,29.6,peak,115.6,76.5
16:51:04,89.9,54.0,peak,0.973,1.8,30.3,peak,117.8,77.3
16:51:04,90.1,57.0,peak,0.977,1.2,30.3,peak,115.6,78.3
16:51:05,90.2,55.0,peak,0.981,0.0,30.3,peak,115.6,79.0
16:51:05,90.4,51.0,peak,0.977,2.4,30.3,peak,99.1,79.0
16:51:05,90.6,53.0,peak,0.982,1.1,30.2,peak,117.8,79.6
16:51:05,90.7,53.0,peak,0.984,2.0,30.2,peak,117.8,79.6
16:51:06,90.9,48.0,p60f40,0.982,1.3,30.2,p60f40,84.4,79.4
16:51:06,91.0,46.0,peak,0.987,1.2,30.2,peak,91.2,79.5
16:51:06,91.2,45.0,p60f40,0.988,0.0,29.8,p60f40,84.4,78.8
16:51:06,91.2,49.0,peak,0.988,1.2,29.8,peak,91.2,78.2
16:51:07,91.2,49.0,peak,0.983,1.3,29.8,peak,99.2,77.1
16:51:07,91.2,53.0,peak,0.98,1.8,29.8,peak,112.3,55.9
16:51:07,91.2,57.0,peak,0.983,1.2,30.0,peak,105.5,56.7
16:51:07,91.4,58.0,peak,0.985,4.3,30.0,peak,106.1,56.8
16:51:08,91.5,42.0,peak,0.988,1.2,30.0,peak,84.4,56.9
16:51:08,91.7,45.0,peak,0.994,1.2,30.0,peak,108.7,57.5
16:51:08,91.8,59.0,p60f40,0.994,1.2,29.8,p60f40,59.4,57.6
16:51:09,92.0,58.0,peak,0.989,0.0,29.8,peak,74.9,56.8
16:51:09,91.9,55.0,peak,0.994,1.4,29.8,peak,67.9,57.1
16:51:09,91.7,57.0,peak,0.993,1.2,29.8,peak,70.5,57.1
16:51:09,91.5,60.0,peak,0.98,0.0,29.7,peak,70.5,56.5
16:51:10,91.4,56.0,peak,0.986,1.3,29.7,peak,67.9,55.1
16:51:10,91.2,51.0,peak,0.982,1.4,29.7,peak,71.2,58.0
16:51:10,91.1,54.0,peak,0.978,0.0,30.3,peak,65.5,53.1
16:51:10,90.9,62.0,peak,0.976,1.6,30.3,peak,65.5,51.8
16:51:11,90.7,55.0,p60f40,0.978,1.7,30.3,p60f40,65.1,58.1
16:51:11,90.6,67.0,peak,0.981,0.0,30.3,peak,67.9,58.1
16:51:11,90.4,61.0,p60f40,0.978,0.0,29.8,p60f40,65.5,58.1
16:51:11,90.3,64.0,peak,0.981,1.1,29.8,peak,66.1,58.0
16:51:12,90.1,63.0,peak,0.984,0.0,29.8,peak,67.0,58.0
16:51:12,89.9,63.0,peak,0.963,0.0,29.8,peak,67.9,58.0
16:51:12,89.8,75.0,peak,1.0,6.3,30.3,peak,68.4,58.1
16:51:13,89.6,75.0,peak,0.975,0.0,30.3,peak,68.4,58.1
16:51:13,89.5,71.0,peak,0.982,6.0,30.3,peak,67.7,58.0
16:51:13,89.3,44.0,peak,0.953,5.1,30.3,peak,130.7,58.0
16:51:13,89.1,38.0,peak,0.951,0.0,29.6,peak,104.9,58.0
16:51:14,89.0,79.0,peak,0.985,3.7,29.6,peak,130.7,58.1
16:51:14,88.8,94.0,peak,0.974,4.1,29.6,peak,67.4,58.1
16:51:14,88.7,76.0,p60f40,0.957,0.0,29.6,p60f40,66.1,58.3
16:51:14,88.5,75.0,p60f40,1.0,9.6,29.5,p60f40,66.1,59.4
16:51:15,88.3,81.0,p60f40,0.999,8.4,29.5,p60f40,65.6,60.0
16:51:15,88.2,82.0,p60f40,0.984,0.0,29.5,p60f40,66.2,60.3
16:51:15,88.0,93.0,p60f40,0.982,3.1,30.0,p60f40,66.1,60.6
16:51:15,87.8,94.0,p60f40,0.962,2.3,30.0,p60f40,66.1,60.2
16:51:16,87.7,83.0,p60f40,0.969,0.0,30.0,p60f40,66.2,60.7
16:51:16,87.5,83.0,p60f40,0.963,1.7,30.0,p60f40,66.9,60.7
16:51:16,87.4,74.0,p60f40,0.957,1.8,30.2,p60f40,67.5,60.5
16:51:17,87.2,82.0,p60f40,0.968,0.0,30.2,p60f40,66.1,60.1
16:51:17,87.1,81.0,p60f40,0.97,6.2,30.2,p60f40,67.1,59.7
16:51:17,86.9,83.0,p60f40,0.97,0.0,30.2,p60f40,66.4,59.0
16:51:17,86.7,82.0,peak,0.964,0.0,30.0,peak,67.1,58.5
16:51:18,86.6,82.0,peak,0.97,2.6,30.0,peak,68.1,57.9
16:51:18,86.4,81.0,peak,0.973,1.7,30.0,peak,67.1,56.7
16:51:18,86.2,63.0,peak,0.962,0.0,30.0,peak,68.1,56.0
16:51:18,86.1,59.0,peak,0.966,1.8,29.9,peak,68.1,56.0
16:51:19,85.9,58.0,peak,0.969,1.7,29.9,peak,67.1,55.5
16:51:19,85.8,69.0,peak,0.963,0.0,29.9,peak,66.1,56.2
16:51:19,85.6,58.0,peak,0.966,1.8,29.9,peak,72.9,56.8
16:51:19,85.4,58.0,peak,0.966,1.8,29.6,peak,68.1,82.5
16:51:20,85.3,53.0,peak,0.965,0.0,29.6,peak,76.0,51.0
16:51:20,85.1,59.0,peak,0.968,1.9,29.6,peak,68.1,51.2
16:51:20,85.0,50.0,peak,0.967,2.0,30.8,peak,85.8,51.5
16:51:21,84.8,59.0,peak,0.96,0.0,30.8,peak,67.8,51.2
16:51:21,84.6,56.0,peak,0.958,0.0,30.8,peak,76.0,51.0
16:51:21,84.5,56.0,peak,0.962,2.0,30.8,peak,85.8,51.0
16:51:21,84.3,52.0,peak,0.962,0.0,29.8,peak,102.0,51.7
16:51:22,84.4,42.0,peak,0.963,1.8,29.8,peak,118.7,51.7
16:51:22,84.5,49.0,peak,0.966,1.8,29.8,peak,115.6,51.8
16:51:22,84.7,65.0,peak,0.96,0.0,29.8,peak,121.0,51.9
16:51:22,84.8,49.0,peak,0.958,1.7,29.9,peak,115.6,51.9
16:51:23,85.0,49.0,peak,0.967,2.0,29.9,peak,104.2,48.1
16:51:23,85.1,51.0,peak,0.956,1.8,29.9,peak,115.6,48.0
16:51:23,85.3,73.0,peak,0.965,3.1,29.9,peak,118.2,48.4
16:51:23,85.5,47.0,peak,0.958,1.7,29.0,peak,118.2,48.4
16:51:24,85.6,45.0,peak,0.969,1.8,29.0,peak,104.2,48.9
16:51:24,85.8,47.0,peak,0.969,1.7,29.0,peak,118.2,49.3
16:51:24,86.0,47.0,peak,0.958,0.0,30.7,peak,118.2,49.5
16:51:25,86.1,46.0,peak,0.962,0.0,30.7,peak,106.1,49.9
16:51:25,86.3,49.0,peak,0.963,6.0,30.7,peak,72.8,50.4
16:51:25,86.4,51.0,peak,0.965,1.8,30.7,peak,94.9,51.0
16:51:25,86.6,36.0,peak,0.97,0.0,29.8,peak,121.5,51.5
16:51:26,86.8,65.0,peak,0.975,2.1,29.8,peak,132.5,52.0
16:51:26,86.9,53.0,peak,0.982,2.0,29.8,peak,71.8,52.7
16:51:26,87.1,68.0,peak,0.97,0.0,29.8,peak,69.6,53.3
16:51:26,86.9,66.0,peak,0.967,2.3,30.1,peak,67.9,54.4
16:51:27,86.8,68.0,peak,0.961,1.8,30.1,peak,67.9,56.1
16:51:27,86.6,54.0,peak,0.966,0.0,30.1,peak,94.9,57.9
16:51:27,86.4,49.0,peak,0.963,1.8,30.1,peak,102.9,59.1
16:51:27,86.3,42.0,peak,0.966,1.8,29.9,peak,102.9,59.9
16:51:28,86.1,70.0,p60f40,0.97,2.4,29.9,p60f40,67.9,60.5
16:51:28,86.0,63.0,p60f40,0.967,2.5,29.9,p60f40,67.9,61.1
16:51:28,85.8,82.0,p60f40,0.969,2.9,29.9,p60f40,64.6,61.7
16:51:29,85.6,82.0,p60f40,0.964,2.5,30.0,p60f40,64.6,62.0
16:51:29,85.5,82.0,p60f40,0.962,1.6,30.0,p60f40,64.6,62.3
16:51:29,85.3,67.0,p60f40,0.971,2.5,30.0,p60f40,67.9,62.4
16:51:29,85.2,77.0,p60f40,0.967,2.8,30.0,p60f40,64.3,62.6
16:51:30,85.0,77.0,p60f40,0.972,1.7,30.0,p60f40,64.3,62.2
16:51:30,84.8,78.0,p60f40,0.971,1.8,30.0,p60f40,64.3,61.8
16:51:30,84.7,77.0,p60f40,0.972,0.0,30.0,p60f40,64.6,61.3
16:51:30,84.5,78.0,p60f40,0.977,1.7,29.6,p60f40,64.3,60.6
16:51:31,84.4,78.0,p60f40,0.975,1.7,29.6,p60f40,64.3,60.1
16:51:31,84.2,67.0,p60f40,0.971,1.8,29.6,p60f40,64.6,58.0
16:51:31,84.0,78.0,p60f40,0.971,1.8,29.6,p60f40,64.3,58.1
16:51:31,83.9,77.0,p60f40,0.969,1.7,30.4,p60f40,61.3,58.3
16:51:32,83.7,79.0,p60f40,0.973,0.0,30.4,p60f40,64.3,58.1
16:51:32,83.5,81.0,peak,0.976,1.7,30.4,peak,61.2,52.0
16:51:32,83.4,72.0,peak,0.974,3.1,30.4,peak,139.7,58.1
16:51:33,83.2,81.0,p60f40,0.987,0.0,29.7,p60f40,61.2,58.1
16:51:33,83.1,80.0,p60f40,0.986,3.4,29.7,p60f40,60.4,58.3
16:51:33,82.9,82.0,peak,1.0,6.1,29.7,peak,61.2,49.9
16:51:33,82.7,73.0,peak,0.975,0.0,29.7,peak,139.8,58.1
16:51:34,82.6,78.0,p60f40,0.973,3.0,29.3,p60f40,64.3,57.9
16:51:34,82.4,73.0,peak,0.978,2.3,29.3,peak,139.7,57.8
16:51:34,82.3,46.0,peak,0.956,0.0,29.3,peak,139.6,57.7
16:51:34,82.4,68.0,peak,0.947,1.9,30.9,peak,139.7,57.8
16:51:35,82.6,68.0,p60f40,0.946,2.0,30.9,p60f40,71.0,71.0
16:51:35,82.7,71.0,peak,0.966,2.2,30.9,peak,133.6,70.5
16:51:35,82.9,64.0,p60f40,0.966,1.7,30.9,p60f40,67.1,71.0
16:51:36,83.1,40.0,peak,0.97,2.0,29.7,peak,130.7,70.9
16:51:36,83.2,46.0,peak,0.957,0.0,29.7,peak,118.0,70.8
16:51:36,83.4,65.0,p60f40,0.962,1.7,29.7,p60f40,62.3,70.1
16:51:36,83.2,66.0,p60f40,0.956,1.7,29.7,p60f40,71.0,69.3
16:51:37,83.1,60.0,p60f40,0.958,0.0,29.8,p60f40,70.1,67.3
16:51:37,82.9,52.0,peak,0.961,2.2,29.8,peak,96.8,66.0
16:51:37,83.1,52.0,peak,0.966,2.1,29.8,peak,96.8,65.4
16:51:37,83.2,49.0,peak,0.961,0.0,29.8,peak,96.8,64.6
16:51:38,83.4,50.0,peak,0.954,2.1,29.8,peak,130.7,64.2
16:51:38,83.5,49.0,peak,0.962,2.0,29.8,peak,94.7,63.9
16:51:38,83.7,50.0,peak,0.966,0.0,29.8,peak,94.7,63.9
16:51:38,83.9,65.0,p60f40,0.96,2.0,30.0,p60f40,70.2,64.0
16:51:39,84.0,43.0,peak,0.961,2.1,30.0,peak,99.1,63.8
16:51:39,84.2,52.0,peak,0.968,0.0,30.0,peak,96.8,63.8
16:51:39,84.3,58.0,peak,0.976,1.9,30.0,peak,94.7,63.8
16:51:40,84.5,55.0,peak,0.972,2.1,29.7,peak,94.8,63.8
16:51:40,84.7,55.0,peak,0.961,0.0,29.7,peak,94.7,64.1
16:51:40,84.8,52.0,peak,0.972,2.1,29.7,peak,78.8,64.6
16:51:40,85.0,62.0,peak,0.968,2.1,29.7,peak,91.3,65.1
16:51:41,85.1,59.0,p60f40,0.971,2.9,30.0,p60f40,73.7,66.0
16:51:41,85.3,71.0,peak,0.968,3.0,30.0,peak,85.8,67.3
16:51:41,85.3,57.0,peak,0.97,2.0,30.0,peak,79.0,69.0
16:51:41,85.4,70.0,peak,0.971,0.0,30.0,peak,91.3,71.6
16:51:42,85.4,68.0,peak,0.973,4.7,30.2,peak,93.3,73.3
16:51:42,85.6,69.0,peak,0.972,2.3,30.2,peak,88.1,74.2
16:51:42,85.6,60.0,p60f40,0.976,0.0,30.2,p60f40,68.4,74.8
16:51:42,85.7,57.0,peak,0.968,2.8,30.2,peak,93.3,75.0
16:51:43,85.9,61.0,p60f40,0.973,2.5,29.6,p60f40,68.4,75.0
16:51:43,86.0,55.0,p60f40,0.98,0.0,29.6,p60f40,79.0,74.8
16:51:43,85.8,55.0,p60f40,0.972,2.0,29.6,p60f40,79.0,74.4
16:51:44,85.7,60.0,p60f40,0.971,2.1,29.6,p60f40,79.0,73.6
16:51:44,85.5,50.0,peak,0.97,0.0,29.4,peak,93.3,72.7
16:51:44,85.4,61.0,peak,0.969,1.9,29.4,peak,88.1,71.5
16:51:44,85.2,53.0,peak,0.961,1.9,29.4,peak,93.9,70.0
16:51:45,85.4,54.0,peak,0.959,23.0,30.5,peak,93.6,67.7
16:51:45,85.5,56.0,peak,0.96,0.0,30.5,peak,91.5,66.5
16:51:45,85.7,55.0,peak,0.958,1.8,30.5,peak,95.1,65.4
16:51:45,85.8,58.0,peak,0.995,0.0,30.5,peak,80.9,65.2
16:51:46,86.0,56.0,peak,0.998,3.9,29.9,peak,73.1,64.9
16:51:46,86.2,53.0,peak,0.985,1.7,29.9,peak,90.5,50.3
16:51:46,86.3,51.0,peak,0.982,0.0,29.9,peak,88.1,50.2
16:51:46,86.4,53.0,peak,0.98,1.8,29.9,peak,74.8,49.9
16:51:47,86.3,56.0,peak,0.978,3.4,30.0,peak,73.1,50.3
16:51:47,86.1,51.0,peak,0.983,0.0,30.0,peak,84.5,50.3
16:51:47,85.9,53.0,peak,0.989,2.4,30.0,peak,73.0,51.8
16:51:48,85.8,64.0,peak,0.984,1.7,30.0,peak,70.4,52.9
16:51:48,85.6,62.0,peak,0.99,0.0,30.0,peak,70.4,54.0
16:51:48,85.5,69.0,peak,0.987,1.8,30.0,peak,73.1,54.5
16:51:48,85.3,69.0,peak,0.991,2.3,30.0,peak,72.2,55.1
16:51:49,85.2,64.0,peak,0.995,0.0,30.0,peak,70.4,55.6
16:51:49,85.0,46.0,peak,0.985,7.8,30.0,peak,89.6,56.1
16:51:49,84.8,53.0,peak,0.989,2.7,30.0,peak,74.2,63.8
16:51:49,84.7,41.0,peak,0.985,0.0,30.0,peak,116.2,64.2
16:51:50,84.5,56.0,peak,0.976,2.6,30.0,peak,76.9,64.5
16:51:50,84.3,50.0,peak,0.972,3.8,29.6,peak,78.6,65.8
16:51:50,84.2,59.0,peak,0.973,0.0,29.6,peak,78.6,66.7
16:51:50,84.0,61.0,peak,0.97,2.5,29.6,peak,78.5,69.5
16:51:51,83.9,55.0,p60f40,0.966,1.9,30.3,p60f40,78.6,71.8
16:51:51,83.7,51.0,peak,0.968,0.0,30.3,peak,111.7,72.0
16:51:51,83.5,58.0,peak,0.961,2.0,30.3,peak,87.6,73.1
16:51:52,83.4,58.0,peak,0.955,2.1,30.3,peak,87.6,73.6
16:51:52,83.5,59.0,p60f40,0.972,0.0,30.4,p60f40,87.6,94.8
16:51:52,83.7,58.0,peak,0.976,1.9,30.4,peak,87.6,96.5
16:51:52,83.9,61.0,p60f40,0.974,1.9,30.4,p60f40,89.7,97.5
16:51:53,84.0,61.0,peak,0.979,0.0,30.4,peak,89.7,99.2
16:51:53,84.2,63.0,peak,0.976,2.0,29.3,peak,88.6,99.4
16:51:53,84.3,61.0,peak,0.974,2.0,29.3,peak,89.7,99.6
16:51:53,84.5,62.0,peak,0.983,0.0,29.3,peak,89.7,99.7
16:51:54,84.7,63.0,peak,0.981,1.9,29.3,peak,89.7,99.7
16:51:54,84.8,62.0,peak,0.978,2.0,29.8,peak,89.7,100.8
16:51:54,85.0,69.0,peak,0.977,0.0,29.8,peak,89.7,100.7
16:51:54,85.1,62.0,p60f40,0.978,2.1,29.8,p60f40,98.1,100.8
16:51:55,85.3,70.0,p60f40,0.978,1.9,29.8,p60f40,93.7,100.8
16:51:55,85.5,71.0,p60f40,0.977,0.0,29.3,p60f40,94.8,100.4
16:51:55,85.6,70.0,peak,0.976,2.1,29.3,peak,89.7,101.3
16:51:56,85.8,69.0,peak,0.967,2.5,29.3,peak,94.4,102.6
16:51:56,86.0,71.0,peak,0.954,0.0,30.4,peak,93.9,102.6
16:51:56,86.1,73.0,peak,0.964,5.8,30.4,peak,93.5,103.0
16:51:56,86.3,79.0,peak,0.981,3.2,30.4,peak,94.3,103.3
16:51:57,86.4,73.0,peak,0.998,0.0,30.4,peak,97.3,83.3
16:51:57,86.6,81.0,peak,0.998,3.2,30.1,peak,93.5,83.3
16:51:57,86.7,78.0,peak,1.0,3.7,30.1,peak,95.1,84.0
16:51:57,86.9,81.0,peak,1.0,6.4,30.1,peak,94.4,84.9
16:51:58,87.1,79.0,peak,0.994,3.7,30.1,peak,93.5,85.1
16:51:58,87.2,78.0,p60f40,0.998,7.3,29.9,p60f40,92.9,85.8
16:51:58,87.4,73.0,peak,0.997,0.0,29.9,peak,94.4,86.2
16:51:59,87.6,74.0,p60f40,1.0,4.6,29.9,p60f40,94.6,86.7
16:51:59,87.7,74.0,p60f40,0.998,2.9,29.9,p60f40,91.6,87.1
16:51:59,87.9,73.0,p60f40,1.0,0.0,30.1,p60f40,92.9,87.4
16:51:59,88.0,67.0,peak,1.0,4.8,30.1,peak,94.4,54.1
16:52:00,88.2,67.0,peak,1.0,3.5,30.1,peak,92.9,53.6
16:52:00,88.3,67.0,peak,1.0,0.0,30.1,peak,91.6,53.6
16:52:00,88.5,64.0,peak,1.0,1.8,30.0,peak,91.6,53.8
16:52:00,88.7,66.0,peak,1.0,2.7,30.0,peak,94.2,53.6
16:52:01,88.8,60.0,peak,1.0,0.0,30.0,peak,96.9,53.7
16:52:01,89.0,57.0,peak,1.0,8.1,30.0,peak,96.9,53.7
16:52:01,89.2,61.0,peak,0.99,2.6,29.6,peak,99.6,53.5
16:52:01,89.3,61.0,peak,0.997,0.0,29.6,peak,91.6,53.6
16:52:02,89.5,59.0,peak,0.999,0.0,29.6,peak,97.7,53.7
16:52:02,89.6,60.0,peak,1.0,2.9,30.1,peak,91.6,53.9
16:52:02,89.8,59.0,peak,1.0,0.0,30.1,peak,101.7,54.0
16:52:03,90.0,56.0,peak,0.998,0.0,30.1,peak,91.6,54.3
16:52:03,90.1,53.0,peak,1.0,0.0,30.1,peak,102.6,54.5
16:52:03,90.3,56.0,peak,0.995,0.0,30.0,peak,95.0,54.9
16:52:03,90.4,52.0,peak,0.992,3.2,30.0,peak,91.6,102.8
16:52:04,90.5,54.0,peak,1.0,2.7,30.0,peak,91.6,104.0
16:52:04,90.7,51.0,peak,0.999,0.0,30.0,peak,116.7,105.2
16:52:04,90.8,54.0,p60f40,0.998,1.3,29.9,p60f40,108.5,105.8
16:52:04,91.0,49.0,peak,0.998,5.5,29.9,peak,94.3,106.7
16:52:05,91.1,58.0,peak,0.991,0.0,29.9,peak,116.3,107.4
16:52:05,91.3,65.0,peak,0.986,0.0,29.9,peak,119.2,108.0
16:52:05,91.5,63.0,peak,0.988,4.7,29.9,peak,132.1,108.6
16:52:05,91.6,58.0,peak,1.0,0.0,29.9,peak,122.2,109.0
16:52:06,91.8,56.0,peak,1.0,1.6,29.9,peak,120.5,108.7
16:52:06,92.0,57.0,peak,1.0,2.2,29.9,peak,128.9,58.0
16:52:06,92.1,64.0,peak,1.0,0.0,30.1,peak,121.9,57.6
16:52:07,92.3,78.0,peak,0.988,0.0,30.1,peak,130.8,55.2
16:52:07,92.4,82.0,peak,0.992,2.4,30.1,peak,128.9,55.1
16:52:07,92.6,82.0,peak,0.997,0.0,30.1,peak,129.4,57.7
16:52:07,92.7,60.0,peak,1.0,2.3,29.4,peak,129.4,57.7
16:52:08,92.9,58.0,peak,0.992,1.7,29.4,peak,123.2,54.0
16:52:08,93.1,43.0,peak,0.999,0.0,29.4,peak,120.0,57.7
16:52:08,93.2,55.0,peak,1.0,2.0,30.4,peak,80.8,54.8
16:52:08,93.4,49.0,peak,0.997,1.4,30.4,peak,93.7,54.8
16:52:09,93.6,49.0,peak,0.998,0.0,30.4,peak,100.1,120.6
16:52:09,93.7,52.0,peak,1.0,3.6,30.4,peak,80.8,120.5
16:52:09,93.9,47.0,peak,1.0,5.9,29.9,peak,120.0,69.3
16:52:09,93.9,51.0,peak,1.0,0.0,29.9,peak,80.8,68.2
16:52:10,93.7,28.0,peak,0.701,41.7,29.9,peak,83.0,67.1
16:52:10,93.7,27.0,peak,1.0,9.1,29.9,peak,93.7,67.7
16:52:10,93.7,25.0,peak,1.0,0.0,29.9,peak,103.4,66.2
16:52:11,93.7,28.0,peak,1.0,0.0,29.9,peak,96.4,65.0
16:52:11,93.9,32.0,peak,0.605,16.8,29.9,peak,111.1,64.1
16:52:11,94.0,37.0,peak,0.99,0.0,29.9,peak,116.3,63.3
16:52:11,94.2,34.0,peak,1.0,3.1,29.7,peak,112.3,63.0
16:52:12,94.3,32.0,peak,0.999,8.7,29.7,peak,109.8,61.8
16:52:12,94.5,33.0,peak,0.996,0.0,29.7,peak,114.0,59.4
16:52:12,94.7,64.0,peak,1.0,5.3,29.7,peak,112.3,56.8
16:52:12,94.8,64.0,peak,1.0,13.0,29.8,peak,109.8,55.9
16:52:13,95.0,31.0,peak,0.999,0.0,29.8,peak,109.8,56.3
16:52:13,95.1,34.0,peak,1.0,5.4,29.8,peak,109.2,55.4
16:52:13,95.3,34.0,peak,1.0,9.4,30.3,peak,108.8,55.7
16:52:13,95.5,33.0,peak,1.0,0.0,30.3,peak,106.3,55.9
16:52:14,95.6,63.0,peak,1.0,3.2,30.3,peak,103.4,55.8
16:52:14,95.8,58.0,peak,0.993,8.6,30.3,peak,103.4,56.5
16:52:14,95.9,77.0,peak,1.0,0.0,29.8,peak,104.2,56.9
16:52:15,96.1,37.0,peak,1.0,14.5,29.8,peak,103.4,57.6
16:52:15,96.3,38.0,peak,1.0,3.0,29.8,peak,105.0,58.1
16:52:15,96.4,38.0,peak,1.0,0.0,29.8,peak,105.0,58.7
16:52:15,96.6,41.0,peak,1.0,13.4,29.7,peak,103.4,60.6
16:52:16,96.7,87.0,peak,1.0,3.9,29.7,peak,104.2,60.7
16:52:16,96.9,85.0,peak,1.0,0.0,29.7,peak,104.2,61.2
16:52:16,97.1,96.0,peak,0.985,18.7,29.7,peak,107.7,61.3
16:52:16,97.2,39.0,peak,0.752,2.2,30.4,peak,107.7,61.4
16:52:17,97.4,46.0,peak,1.0,0.0,30.4,peak,107.7,61.5
16:52:17,97.5,48.0,peak,1.0,3.2,30.4,peak,107.7,61.2
16:52:17,97.7,48.0,peak,0.997,4.2,30.4,peak,107.7,60.8
16:52:17,97.9,95.0,peak,0.992,0.0,29.9,peak,107.7,60.2
16:52:18,98.0,49.0,peak,0.601,15.1,29.9,peak,105.0,59.8
16:52:18,98.2,81.0,peak,0.813,9.1,29.9,peak,109.4,59.0
16:52:18,98.3,93.0,peak,0.852,0.0,29.9,peak,107.7,58.3
16:52:19,98.5,46.0,peak,1.0,15.4,29.6,peak,105.0,57.4
16:52:19,98.7,38.0,peak,0.37,2.1,29.6,peak,65.9,56.5
16:52:19,98.8,20.0,peak,1.0,0.0,29.6,peak,84.8,55.7
16:52:19,99.0,21.0,peak,1.0,2.6,30.2,peak,105.0,55.6
16:52:20,99.1,23.0,peak,1.0,7.3,30.2,peak,105.0,55.9
16:52:20,99.3,45.0,peak,0.926,0.0,30.2,peak,106.3,56.1
16:52:20,99.5,43.0,peak,0.244,22.8,30.2,peak,105.0,56.7
16:52:20,99.6,22.0,peak,0.954,8.9,30.0,peak,107.7,58.1
16:52:21,99.8,23.0,peak,1.0,0.0,30.0,peak,84.8,60.3
16:52:21,99.9,23.0,peak,1.0,3.5,30.0,peak,84.8,62.3
16:52:21,100.1,21.0,p60f40,1.0,6.6,30.0,p60f40,69.9,64.1
16:52:21,100.3,47.0,peak,1.0,0.0,29.9,peak,109.4,66.0
16:52:22,100.4,48.0,peak,1.0,6.2,29.9,peak,111.1,67.9
16:52:22,100.3,46.0,peak,0.973,0.0,29.9,peak,84.8,68.8
16:52:22,100.1,45.0,peak,1.0,0.0,29.9,peak,85.8,69.9
16:52:23,99.9,47.0,peak,0.985,0.0,29.6,peak,83.8,70.0
16:52:23,99.8,71.0,p60f40,0.995,2.7,29.6,p60f40,64.7,71.0
16:52:23,99.6,47.0,peak,0.998,0.0,29.6,peak,91.7,72.3
16:52:23,99.5,53.0,p60f40,0.994,2.4,29.6,p60f40,69.9,73.8
16:52:24,99.3,52.0,p60f40,1.0,5.3,30.1,p60f40,67.9,73.9
16:52:24,99.1,46.0,p60f40,1.0,0.0,30.1,p60f40,82.2,74.6
16:52:24,99.0,75.0,peak,1.0,3.0,30.1,peak,117.3,77.3
16:52:24,98.8,74.0,peak,0.996,1.5,30.1,peak,121.3,78.5
16:52:25,98.7,62.0,peak,1.0,0.0,29.5,peak,64.7,79.0
16:52:25,98.5,53.0,peak,0.994,7.9,29.5,peak,121.0,79.5
16:52:25,98.7,67.0,peak,0.993,4.0,29.5,peak,117.3,80.0
16:52:26,98.8,49.0,p60f40,1.0,0.0,29.5,p60f40,77.5,80.6
16:52:26,99.0,71.0,peak,1.0,1.4,29.5,peak,116.2,81.9
16:52:26,99.2,71.0,peak,1.0,5.2,29.5,peak,107.8,83.7
16:52:26,99.3,71.0,peak,1.0,0.0,29.5,peak,107.8,85.9
16:52:27,99.5,42.0,peak,1.0,11.1,30.7,peak,97.3,88.7
16:52:27,99.6,40.0,peak,1.0,6.5,30.7,peak,93.8,58.2
16:52:27,99.5,48.0,peak,0.985,0.0,30.7,peak,87.4,57.3
16:52:27,99.3,65.0,p60f40,1.0,12.4,30.7,p60f40,62.9,56.7
16:52:28,99.2,60.0,peak,0.49,8.9,30.1,peak,122.9,56.9
16:52:28,99.1,35.0,peak,1.0,0.0,30.1,peak,93.8,55.7
16:52:28,98.9,39.0,peak,1.0,5.9,30.1,peak,100.7,56.2
16:52:28,98.7,71.0,peak,0.992,2.8,30.1,peak,119.1,56.6
16:52:29,98.8,51.0,peak,1.0,0.0,29.9,peak,101.8,58.0
16:52:29,99.0,43.0,peak,1.0,4.1,29.9,peak,66.7,58.5
16:52:29,99.1,58.0,peak,1.0,2.9,29.9,peak,101.8,58.8
16:52:30,99.3,58.0,peak,0.998,0.0,29.9,peak,103.0,59.5
16:52:30,99.4,49.0,p60f40,0.989,0.0,29.8,p60f40,62.1,59.9
16:52:30,99.6,69.0,peak,0.998,3.4,29.8,peak,107.3,60.3
16:52:30,99.7,76.0,peak,0.994,0.0,29.8,peak,103.0,60.7
16:52:31,99.8,47.0,peak,0.996,1.2,29.8,peak,97.1,61.5
16:52:31,100.0,47.0,peak,1.0,2.8,29.8,peak,75.7,63.2
16:52:31,100.1,67.0,peak,1.0,1.6,29.8,peak,112.1,64.8
16:52:31,100.3,72.0,peak,0.994,1.3,29.8,peak,107.3,66.7
16:52:32,100.4,76.0,p60f40,1.0,1.9,30.1,p60f40,111.0,104.3
16:52:32,100.6,75.0,peak,0.998,0.0,30.1,peak,112.1,103.7
16:52:32,100.8,76.0,p60f40,0.999,1.3,30.1,p60f40,108.9,103.3
16:52:32,100.9,77.0,peak,0.999,1.3,30.1,peak,111.0,102.4
16:52:33,101.1,78.0,peak,0.996,1.4,29.8,peak,111.9,102.0
16:52:33,101.3,71.0,peak,0.998,1.2,29.8,peak,112.1,98.3
16:52:33,101.4,73.0,peak,1.0,1.3,29.8,peak,112.1,96.5
16:52:34,101.6,73.0,peak,0.993,2.0,29.8,peak,112.1,96.3
16:52:34,101.7,58.0,peak,0.996,3.5,30.7,peak,111.5,94.8
16:52:34,101.9,61.0,peak,1.0,1.8,30.7,peak,111.5,94.5
16:52:34,102.1,61.0,peak,0.992,0.0,30.7,peak,111.5,94.1
16:52:35,102.2,61.0,peak,0.998,1.4,30.7,peak,111.5,93.6
16:52:35,102.4,61.0,peak,0.997,1.2,28.9,peak,111.5,93.4
16:52:35,102.5,61.0,peak,0.986,0.0,28.9,peak,112.1,92.9
16:52:35,102.7,62.0,peak,0.994,1.4,28.9,peak,111.0,90.2
16:52:36,102.8,59.0,peak,0.992,1.1,28.9,peak,115.7,89.1
16:52:36,103.0,58.0,peak,0.996,1.3,30.0,peak,121.3,88.0
16:52:36,103.2,60.0,peak,0.993,1.4,30.0,peak,115.9,58.0
16:52:36,103.3,59.0,peak,0.984,1.4,30.0,peak,123.1,86.3
16:52:37,103.5,61.0,peak,0.997,0.0,30.5,peak,121.3,58.2
16:52:37,103.7,52.0,peak,0.998,1.2,30.5,peak,109.7,58.4
16:52:37,103.8,63.0,peak,0.995,2.7,30.5,peak,117.8,132.8
16:52:38,104.0,61.0,peak,0.99,0.0,30.5,peak,119.8,59.4
16:52:38,104.1,61.0,peak,1.0,1.3,29.6,peak,120.5,87.5
16:52:38,104.3,60.0,peak,0.995,1.3,29.6,peak,121.3,87.9
16:52:38,104.5,63.0,peak,0.996,1.3,29.6,peak,116.8,65.0
16:52:39,104.6,59.0,peak,1.0,1.4,29.6,peak,111.0,65.3
16:52:39,104.8,58.0,peak,0.995,1.3,29.3,peak,121.3,66.6
16:52:39,104.9,46.0,peak,0.987,0.0,29.3,peak,80.1,65.9
16:52:39,105.1,48.0,peak,0.983,1.3,29.3,peak,81.4,66.5
16:52:40,105.3,49.0,peak,0.999,1.2,29.3,peak,80.1,51.6
16:52:40,105.4,60.0,peak,0.998,0.0,30.8,peak,109.4,86.8
16:52:40,105.6,59.0,peak,0.996,1.3,30.8,peak,110.0,85.6
16:52:40,105.4,51.0,p60f40,0.993,1.3,30.8,p60f40,87.5,85.3
16:52:41,105.3,50.0,p60f40,0.999,0.0,30.8,p60f40,89.2,84.6
16:52:41,105.1,55.0,p60f40,0.999,1.3,29.1,p60f40,86.1,84.5
16:52:41,104.9,53.0,p60f40,1.0,1.3,29.1,p60f40,89.2,83.6
16:52:42,104.8,53.0,p60f40,0.999,0.0,29.1,p60f40,89.2,83.4
16:52:42,104.6,55.0,p60f40,0.996,1.3,30.4,p60f40,89.2,82.6
16:52:42,104.5,61.0,peak,0.993,1.4,30.4,peak,92.5,82.5
16:52:42,104.3,57.0,p60f40,0.998,0.0,30.4,p60f40,89.2,82.0
16:52:43,104.0,61.0,peak,0.995,1.2,30.4,peak,92.5,82.9
16:52:43,103.9,60.0,p60f40,0.992,1.2,23.9,p60f40,89.2,82.9
16:52:43,103.7,60.0,p60f40,0.992,0.0,23.9,p60f40,87.5,83.1
16:52:44,103.5,59.0,p60f40,1.0,1.2,23.9,p60f40,88.3,84.1
16:52:44,103.4,61.0,p60f40,0.999,1.3,30.3,p60f40,88.3,85.5
16:52:44,103.2,65.0,p60f40,0.991,0.0,30.3,p60f40,86.1,86.0
16:52:44,103.1,65.0,p60f40,0.996,1.3,30.3,p60f40,84.7,86.9
16:52:45,102.9,65.0,p60f40,0.999,2.3,30.3,p60f40,90.6,87.7
16:52:45,102.7,62.0,peak,0.992,0.0,30.0,peak,90.6,72.0
16:52:45,102.6,65.0,peak,0.994,1.3,30.0,peak,88.3,72.3
16:52:45,102.4,68.0,peak,0.993,1.3,30.0,peak,86.1,72.7
16:52:46,102.3,70.0,p60f40,0.985,0.0,30.0,p60f40,85.6,88.8
16:52:46,102.1,67.0,peak,0.972,3.3,29.9,peak,88.3,57.9
16:52:46,101.9,67.0,peak,0.962,0.0,29.9,peak,88.8,57.9
16:52:47,101.8,86.0,peak,0.984,3.2,29.9,peak,90.6,57.8
16:52:47,101.6,79.0,peak,0.986,1.6,29.9,peak,97.8,57.9
16:52:47,101.5,85.0,peak,0.976,3.4,29.8,peak,92.5,57.9
16:52:47,101.3,85.0,peak,0.985,0.0,29.8,peak,92.5,58.0
16:52:48,101.1,71.0,peak,0.977,2.5,29.8,peak,90.6,57.9
16:52:48,101.0,86.0,peak,0.972,2.5,29.8,peak,95.7,58.2
16:52:48,100.8,86.0,peak,0.974,0.0,29.5,peak,98.7,58.2
16:52:48,100.7,85.0,peak,0.978,3.6,29.5,peak,99.2,58.0
16:52:49,100.5,85.0,peak,0.986,4.2,29.5,peak,101.4,57.9
16:52:49,100.4,74.0,peak,0.994,0.0,30.8,peak,101.4,58.0
16:52:49,100.3,85.0,peak,1.0,4.2,30.8,peak,101.4,57.9
16:52:49,100.4,64.0,peak,0.993,3.1,30.8,peak,101.4,57.9
16:52:50,100.4,59.0,peak,0.996,0.0,30.8,peak,94.7,52.5
16:52:50,100.5,78.0,peak,0.994,6.6,29.7,peak,101.9,52.2
16:52:50,100.5,83.0,peak,1.0,5.2,29.7,peak,103.6,58.0
16:52:51,100.6,79.0,peak,0.991,0.0,29.7,peak,103.6,51.9
16:52:51,100.6,66.0,peak,0.996,2.0,29.7,peak,99.2,91.1
16:52:51,100.7,61.0,peak,0.97,2.7,29.7,peak,103.6,91.6
16:52:51,100.9,61.0,peak,0.985,0.0,29.7,peak,104.4,89.6
16:52:52,101.0,61.0,peak,0.984,1.6,29.7,peak,104.4,88.0
16:52:52,101.2,58.0,p60f40,0.989,1.2,29.7,p60f40,87.1,86.4
16:52:52,101.3,63.0,peak,0.986,1.4,30.1,peak,95.8,70.9
16:52:52,101.2,61.0,peak,0.988,1.2,30.1,peak,99.2,71.1
16:52:53,101.1,61.0,peak,0.989,1.2,30.1,peak,99.2,71.1
16:52:53,101.0,56.0,peak,0.984,1.2,30.1,peak,92.8,71.0
16:52:53,100.8,55.0,peak,0.984,1.2,29.4,peak,97.6,70.6
16:52:53,100.7,50.0,peak,0.989,1.2,29.4,peak,101.7,70.2
16:52:54,100.5,59.0,p60f40,0.979,1.9,29.4,p60f40,72.0,69.2
16:52:54,100.3,59.0,p60f40,0.983,1.2,30.3,p60f40,73.3,68.9
16:52:54,100.2,52.0,p60f40,0.989,1.8,30.3,p60f40,74.7,68.1
16:52:55,100.0,58.0,p60f40,0.988,0.0,30.3,p60f40,73.3,67.3
16:52:55,99.9,59.0,p60f40,0.996,1.2,30.3,p60f40,73.3,66.3
16:52:55,99.7,58.0,p60f40,0.992,1.1,29.9,p60f40,73.3,65.8
16:52:55,99.5,62.0,p60f40,0.991,0.0,29.9,p60f40,73.3,65.4
16:52:56,99.4,59.0,peak,0.987,1.2,29.9,peak,74.7,65.0
16:52:56,99.2,58.0,peak,0.99,1.1,29.9,peak,74.7,64.4
16:52:56,99.1,62.0,peak,0.991,0.0,30.3,peak,73.3,64.2
16:52:56,98.9,65.0,p60f40,0.987,1.2,30.3,p60f40,72.0,64.4
16:52:57,98.7,65.0,p60f40,0.993,1.2,30.3,p60f40,72.0,64.3
16:52:57,98.6,63.0,peak,0.985,0.0,30.3,peak,73.3,64.3
16:52:57,98.4,64.0,p60f40,0.982,1.8,29.9,p60f40,72.0,64.1
16:52:58,98.3,65.0,peak,0.988,1.1,29.9,peak,72.0,63.9
16:52:58,98.1,62.0,peak,0.988,0.0,29.9,peak,72.0,63.5
16:52:58,97.9,71.0,peak,0.99,1.2,29.9,peak,72.0,63.2
16:52:58,97.8,70.0,peak,0.984,1.2,29.8,peak,72.0,62.7
16:52:59,97.6,69.0,peak,0.985,0.0,29.8,peak,73.3,62.2
16:52:59,97.4,56.0,peak,0.987,1.3,29.8,peak,76.6,61.6
16:52:59,97.3,73.0,peak,0.981,1.3,29.5,peak,72.0,60.8
16:52:59,97.1,70.0,peak,0.984,1.2,29.5,peak,70.5,60.2
16:53:00,97.0,72.0,peak,0.986,1.2,29.5,peak,74.7,59.7
16:53:00,96.8,72.0,peak,0.986,1.9,29.5,peak,74.7,59.4
16:53:00,96.6,69.0,peak,0.985,0.0,30.4,peak,69.8,59.7
16:53:00,96.5,58.0,peak,0.986,1.3,30.4,peak,83.9,59.8
16:53:01,96.3,60.0,peak,0.986,1.4,30.4,peak,72.5,59.9
16:53:01,96.2,71.0,peak,0.988,0.0,30.4,peak,69.8,59.8
16:53:01,96.0,71.0,peak,0.991,1.2,29.6,peak,92.5,60.1
16:53:02,95.9,69.0,peak,0.989,1.2,29.6,peak,72.5,60.4
16:53:02,95.7,66.0,peak,0.987,1.8,29.6,peak,72.5,60.9
16:53:02,95.5,66.0,peak,0.983,1.2,29.6,peak,89.1,61.8
16:53:02,95.4,61.0,peak,0.982,1.2,30.0,peak,74.9,61.7
16:53:03,95.2,63.0,peak,0.983,1.2,30.0,peak,81.5,62.9
16:53:03,95.0,59.0,peak,0.992,1.2,30.0,peak,77.6,64.1
16:53:03,94.9,61.0,peak,0.987,1.2,30.0,peak,79.3,64.5
16:53:03,94.7,63.0,peak,0.979,0.0,29.6,peak,73.8,65.0
16:53:04,94.6,71.0,p60f40,0.983,1.9,29.6,p60f40,72.5,64.7
16:53:04,94.4,64.0,peak,0.986,1.6,29.6,peak,77.6,64.8
16:53:04,94.2,72.0,peak,0.999,0.0,30.7,peak,74.9,65.0
16:53:04,94.1,68.0,peak,0.997,1.4,30.7,peak,76.6,65.9
16:53:05,93.9,68.0,peak,1.0,1.7,30.7,peak,77.6,68.7
16:53:05,93.8,67.0,p60f40,1.0,0.0,30.7,p60f40,77.6,71.0
16:53:05,93.6,67.0,p60f40,0.996,2.6,29.6,p60f40,75.0,73.0
16:53:06,93.4,63.0,peak,0.987,1.7,29.6,peak,76.0,57.6
16:53:06,93.3,63.0,peak,0.981,0.0,29.6,peak,72.5,56.8
16:53:06,93.1,69.0,peak,0.986,1.6,29.6,peak,72.7,56.4
16:53:06,93.0,58.0,peak,0.988,1.1,30.1,peak,75.0,55.9
16:53:07,92.8,58.0,peak,0.984,1.2,30.1,peak,77.6,55.9
16:53:07,92.6,62.0,peak,0.985,1.3,30.1,peak,75.7,56.9
16:53:07,92.5,62.0,peak,0.984,1.3,30.1,peak,78.5,57.3
